label,QC_none,QC_SERRF,validate_none,validate_SERRF
1_ISTD Ceramide (d18:1/17:0) [M+HCOO]-,0.313555488823176,0.0252266803210878,0.334071435152407,0.0293223666582844
1_ISTD CUDA [M-H]-,0.156683246313731,0.0381062137742956,0.232073769687988,0.0261975830515147
1_ISTD FA (16:0)-d3 [M-H]-,0.120443324035961,0.0459053412994519,0.145895250656435,0.0429505436798592
1_ISTD LPC (17:0) [M+HCOO]-,0.237554067777235,0.0302856344560182,0.242724337594177,0.00566810457919927
1_ISTD LPE (17:1) [M-H]-,0.151555903715686,0.0277408176197549,0.207279021838849,0.0198698300013023
1_ISTD PC (12:0/13:0) [M+HCOO]-,0.203297069401391,0.0411406233668423,0.154742931145637,0.0246244321974875
1_ISTD PE (17:0/17:0) [M-H]-,0.176855499641773,0.0348288061089985,0.20806659207676,0.0627728551628029
1_ISTD PG (17:0/17:0) [M-H]-,0.234013933848651,0.0273214866967823,0.17523928399109,0.0427245056699219
1_ISTD SM (d18:1/17:0) [M+HCOO]-,0.313918815152876,0.0311904620325206,0.335021644659348,0.041804202560673
Cer (d32:1) [M+HCOO]-,0.265645369033888,0.121173477519249,0.286789590593981,0.0438129198782678
Cer (d34:0) [M+HCOO]-,0.279455688450059,0.118104444883265,0.243999747629844,0.00946520250914436
Cer (d34:1) [M+HCOO]-,0.259644460783311,0.0523464407793383,0.32489498888319,0.0561451173058527
Cer (d34:2) [M+HCOO]-,0.237619895592205,0.124319623830647,0.28714119951331,0.0983802403600377
Cer (d36:1) [M+HCOO]-,0.290437277344504,0.0610317819777147,0.257530038052892,0.0660887018051323
Cer (d38:1) [M+HCOO]-,0.221412470809001,0.0669996879367781,0.227666724968873,0.0938856989018468
Cer (d39:1) [M+HCOO]-,0.218843423450574,0.108818704689076,0.258199817261641,0.0411430078316882
Cer (d40:1) [M+HCOO]-,0.211377513088033,0.0412431330153841,0.218855677616047,0.0613657398820393
Cer (d40:2) [M+HCOO]-,0.202470959547067,0.0819240333095535,0.281477743431046,0.0983986940986099
Cer (d41:1) [M+HCOO]-,0.227859709959328,0.0529524321859018,0.194775558624934,0.0317001000089051
Cer (d42:1) [M+HCOO]-,0.258197476304808,0.0330359657641829,0.208491724700583,0.0349373100835986
Cer (d42:2) A [M+HCOO]-,0.206282060792971,0.0432296418868211,0.195293769098202,0.0546585521355891
Cer (d42:2) B [M+HCOO]-,0.203109787580271,0.0386259100608753,0.238937380202862,0.0430589447660014
Cer (d43:1) [M+HCOO]-,0.141747496504761,0.0454304119706564,0.137730301189742,0.0565754168298574
Cer (d44:1) [M+HCOO]-,0.268072086406027,0.0908225036770175,0.200345778869438,0.027480169293499
FA (16:0) [M-H]-,0.266047464718322,0.0771474734521723,0.238098808994492,0.120624250895091
FA (16:1) [M-H]-,0.762733232871831,0.292732076654036,0.706953365387371,0.459377035519787
FA (18:0) [M-H]-,0.174400784093051,0.062565985030941,0.262314025272695,0.044542756978759
FA (18:1) [M-H]-,0.183169696898146,0.098909905137469,0.200564976066386,0.119488806756485
FA (18:2) [M-H]-,0.220187289504061,0.0933072682058928,0.247337215210493,0.0494126160843959
FA (20:4) [M-H]-,0.148014012651401,0.0801420495944104,0.227804143579399,0.117516200581955
FA (22:4) [M-H]-,0.40747862991816,0.122999408813176,0.406687739352626,0.0683381840256728
GlcCer (d34:1) [M+HCOO]-,0.287291763891425,0.0475719361917157,0.259891681532443,0.028886681166762
GlcCer (d38:1) [M+HCOO]-,0.237779639695808,0.0819549327955772,0.19444710251485,0.0750401251942386
GlcCer (d40:1) [M+HCOO]-,0.308301746855228,0.052184066256039,0.314241074671801,0.0366320571022482
GlcCer (d41:1) [M+HCOO]-,0.303887326926976,0.056213960797579,0.342922979118292,0.0126720706848349
GlcCer (d42:1) [M+HCOO]-,0.321830323075414,0.0431792970935831,0.335474272593923,0.0513380656441401
GlcCer (d42:2) [M+HCOO]-,0.296791888043033,0.0489782276242323,0.322852167465376,0.0274796374537001
LPC (14:0) [M+HCOO]-,0.361256503877103,0.081126054632127,0.383117573216515,0.0283768599582788
LPC (16:0) [M+HCOO]-,0.303155852089484,0.019556532204327,0.252573648922508,0.0440748094823749
LPC (16:1) [M+HCOO]-,0.267171279779792,0.0533729643720176,0.287505758270572,0.0228775898073045
LPC (18:0) [M+HCOO]-,0.279188536242839,0.0267462970977368,0.222951307641445,0.0115154332899903
LPC (18:1) [M+HCOO]-,0.271527836282144,0.0331596636756946,0.18019595359451,0.0200388678215738
LPC (18:2) [M+HCOO]-,0.296165350286539,0.0291595805504456,0.306883692158814,0.0274420119594535
LPC (20:1) [M+HCOO]-,0.304423380069976,0.114196369620547,0.359681585330505,0.125054752646976
LPC (20:2) [M+HCOO]-,0.249582947630591,0.105756506143604,0.352445465412284,0.0898074834800388
LPC (20:3) [M+HCOO]-,0.268496409193507,0.0696176251926857,0.197556458566723,0.0613721386450551
LPC (22:5) [M+HCOO]-,0.299522166033827,0.107023533403721,0.343512454790092,0.0403780224619464
LPE (16:0) [M-H]-,0.237406450956373,0.0852659229281231,0.263724304347616,0.0165151570210061
LPE (18:2) [M-H]-,0.239345624802447,0.0654463558690874,0.220973315540307,0.0753093182298761
LPE (20:4) [M-H]-,0.234082118751744,0.0594228215397703,0.156807020062154,0.077403817102386
LPE (22:6) [M-H]-,0.259516334035187,0.0727909956642713,0.280517272690142,0.125671893311371
PC (30:0) [M+HCOO]-,0.299588366401749,0.0582361826992528,0.332035389527428,0.0446558034729057
PC (32:0) [M+HCOO]-,0.241733384616024,0.0316514900735978,0.204627462508003,0.0406926398344575
PC (32:1) [M+HCOO]-,0.253671163287205,0.0439987906104551,0.251216353867211,0.0941325292426568
PC (32:2) [M+HCOO]-,0.2363537821691,0.0522338719398361,0.163571921762212,0.0338342411849789
PC (33:1) [M+HCOO]-,0.248501438561984,0.0632335810102059,0.193633243257072,0.0645680709887818
PC (33:2) [M+HCOO]-,0.236265267373395,0.0496919909643785,0.186829106545214,0.0717800153654187
PC (34:0) [M+HCOO]-,0.240229373811759,0.0572433548486773,0.241741707267723,0.0193173475931586
PC (34:1) [M+HCOO]-,0.269520503736765,0.0263542575258467,0.267627279963683,0.0782062736595242
PC (34:2) [M+HCOO]-,0.263343288050725,0.0217459060213191,0.279331053491384,0.0566214468597783
PC (34:4) [M+HCOO]-,0.224088797344757,0.0736752523895481,0.288407494526838,0.148530439422418
PC (35:2) [M+HCOO]-,0.242466903514054,0.0406920331835137,0.225196855337582,0.0661456582616842
PC (36:1) [M+HCOO]-,0.248891702148446,0.0322606456898479,0.245113136727623,0.0682748897359047
PC (36:2) [M+HCOO]-,0.265447107543351,0.0240880157119977,0.273105057671971,0.0433828480723769
PC (36:3) [M+HCOO]-,0.257906760450667,0.02483434956414,0.276308279485151,0.102752926514643
PC (36:4) A [M+HCOO]-,0.241014630551676,0.0260098540872411,0.205891656845316,0.0705825967578397
PC (36:4) B [M+HCOO]-,0.264344257217203,0.0173840015324289,0.278878447341737,0.0957108880241647
PC (36:5) [M+HCOO]-,0.23310357429741,0.0390279883051354,0.168342012200363,0.119393568555274
PC (37:4) [M+HCOO]-,0.241028899740597,0.0409279350130071,0.213669624377458,0.0299494849874378
PC (38:2) [M+HCOO]-,0.242170701551431,0.0506084585979316,0.196393570793535,0.031359353343204
PC (38:3) [M+HCOO]-,0.234130707147009,0.0360872524508178,0.247204218356132,0.069769052487509
PC (38:4) [M+HCOO]-,0.275118161779029,0.0179184604999309,0.302283493168182,0.0598173604178623
PC (38:5) [M+HCOO]-,0.241254499436193,0.0376178443491993,0.281430314483578,0.0984202104633247
PC (38:6) [M+HCOO]-,0.247584074255271,0.0231540752527376,0.212669185099918,0.0918948542236083
PC (40:4) [M+HCOO]-,0.230297329274327,0.0485657525872289,0.235160478237553,0.0298550900463231
PC (40:5) [M+HCOO]-,0.24687648505773,0.0373187832137816,0.282555997722483,0.0976156516869395
PC (40:6) [M+HCOO]-,0.231409306947073,0.0315298201739804,0.226847134299791,0.0808534784778185
PC (40:8) [M+HCOO]-,0.234443796458285,0.089948101846449,0.220954580555304,0.0384126089568377
PC (42:4) [M+HCOO]-,0.335558164597123,0.12075053095296,0.383813510080476,0.0276879462686981
PE (34:1) [M-H]-,0.206593658163802,0.0661210024309561,0.214536584522862,0.0467842068011695
PE (34:2) [M-H]-,0.176604703647147,0.0479399722541323,0.218831221820589,0.0133870906541232
PE (36:1) [M-H]-,0.286998807902589,0.0391898319227347,0.253207358105297,0.0764688027414893
PE (36:2) A [M-H]-,0.266447519839769,0.027011400270202,0.291994833340818,0.0374018006164063
PE (36:2) B [M-H]-,0.208024556030277,0.0327990977793812,0.171645952458534,0.0590120545745534
PE (36:3) [M-H]-,0.217652975395224,0.0579185258502565,0.245350049569408,0.0748402747861557
PE (36:4) [M-H]-,0.207914842718835,0.0506438960948515,0.205404916379796,0.0937121138200178
PE (38:2) [M-H]-,0.232241030433439,0.0261792575549443,0.225243603355602,0.066848806919574
PE (38:4) A [M-H]-,0.261640922239481,0.0333134463267059,0.168050434240881,0.0802601133825916
PE (38:4) B [M-H]-,0.128902885879332,0.0339231660512445,0.140932127312007,0.050704047387823
PE (38:6) [M-H]-,0.200557282957246,0.0513678790061088,0.146293363134964,0.0490297235400775
PE (40:6) [M-H]-,0.280204431602038,0.0885517581730493,0.289306771091062,0.0249976834388114
PE (44:3) [M-H]-,0.268722306935131,0.0849480672130364,0.299595501072893,0.0675427520830684
PI (32:1) [M-H]-,0.271172054508843,0.131004510558721,0.165613801517523,0.0930679807916776
PI (34:1) [M-H]-,0.254977734109534,0.0501874912417738,0.272313552491549,0.0932510193647814
PI (34:2) [M-H]-,0.202148551671697,0.0440906579843269,0.149248708332676,0.0718802654321853
PI (36:1) [M-H]-,0.214865550586123,0.0547888310429392,0.264703226489513,0.0641712606419859
PI (36:2) [M-H]-,0.237333401027526,0.0339652061903899,0.227115957101921,0.054177137083208
PI (36:3) [M-H]-,0.230808889436662,0.0809217520003417,0.273326401957641,0.073909266324353
PI (36:4) [M-H]-,0.204942184435318,0.0337738351455302,0.150514328169558,0.0869835466065777
PI (38:3) [M-H]-,0.220791663137779,0.0446832837496383,0.145582250466387,0.0745596864314444
PI (38:4) [M-H]-,0.260497167377648,0.0240822019616019,0.300259127790532,0.082925336914982
PI (38:5) [M-H]-,0.248959377820628,0.0652847018605898,0.285294396587026,0.0812408836434511
PI (40:6) [M-H]-,0.241577019023693,0.0565295876913036,0.247709177617337,0.0537494187023192
plasmenyl-PC (32:0) [M+HCOO]-,0.241761183690979,0.0430485705541764,0.247637073291032,0.036723496160113
plasmenyl-PC (34:0) [M+HCOO]-,0.249399913423478,0.050874584103265,0.233005987617523,0.0363110192288586
plasmenyl-PC (34:1) [M+HCOO]-,0.249701391535517,0.0393174231973329,0.258500697413564,0.0130819483359599
plasmenyl-PC (34:2) [M+HCOO]-,0.239706012896363,0.0374384579950439,0.257627358132867,0.0358781114589478
plasmenyl-PC (36:0) [M+HCOO]-,0.482831232346611,0.0560650036190083,0.484586788116743,0.0520673232760637
plasmenyl-PC (36:1) [M+HCOO]-,0.242929579465845,0.0481051022699313,0.298858479394357,0.0854946485665846
plasmenyl-PC (36:2) [M+HCOO]-,0.260207385262331,0.0693620707580995,0.283967784911725,0.020226005246859
plasmenyl-PC (36:3) [M+HCOO]-,0.248893012339977,0.0348153933148532,0.24192326375398,0.0467158947212213
plasmenyl-PC (36:4) [M+HCOO]-,0.238531061170503,0.034601361615411,0.209120132920692,0.0388739963599556
plasmenyl-PC (38:0) [M+HCOO]-,0.497812874599504,0.0482695585215551,0.488218861779832,0.0588331971406191
plasmenyl-PC (38:4) [M+HCOO]-,0.233765317833901,0.0352202485286,0.240318906794304,0.03870057266617
plasmenyl-PC (38:5) [M+HCOO]-,0.239989446645287,0.0596705180274039,0.196217661778992,0.01941749293927
plasmenyl-PC (40:1) [M+HCOO]-,0.773456132772226,0.207061210297075,0.770085298429183,0.0268818497617007
plasmenyl-PC (40:4) [M+HCOO]-,0.253163995976495,0.118337047991305,0.159195056790419,0.00940720263297197
plasmenyl-PC (42:4) [M+HCOO]-,0.255558332027397,0.0949406671550436,0.242508494622192,0.0994598492340135
plasmenyl-PE (34:1) [M-H]-,0.220370851394662,0.0795545980609201,0.238474260714805,0.0263942581244575
plasmenyl-PE (34:2) [M-H]-,0.202090691636623,0.0463098250744054,0.173126534920257,0.0412060870893556
plasmenyl-PE (36:1) [M-H]-,0.212348547840623,0.0752126937981785,0.0570041052387158,0.0290368219046823
plasmenyl-PE (36:2) [M-H]-,0.188622938935494,0.0438682120984349,0.196812376027613,0.0414825998376639
plasmenyl-PE (36:4) [M-H]-,0.163889548308057,0.0322745901898463,0.111662215602223,0.0154812107056934
plasmenyl-PE (36:5) [M-H]-,0.233370875945032,0.11797401228247,0.24788815543798,0.105799223064557
plasmenyl-PE (38:2) [M-H]-,0.317009770317816,0.143406811923353,0.192192886052532,0.026566631136191
plasmenyl-PE (38:3) [M-H]-,0.296645554110867,0.174833014492284,0.25032762378722,0.164515392650337
plasmenyl-PE (38:4) [M-H]-,0.183729715192709,0.0275628393206212,0.151973606915563,0.0218470361251667
plasmenyl-PE (38:5) [M-H]-,0.189204101162657,0.0544593674786517,0.127175399476648,0.0589124093727543
plasmenyl-PE (38:6) [M-H]-,0.144217294250786,0.0452653253619389,0.182249447312633,0.00757230235384706
plasmenyl-PE (40:4) [M-H]-,0.234084737032548,0.088822029155494,0.256286324093544,0.0195662046463011
plasmenyl-PE (40:5) [M-H]-,0.223103006651753,0.110826504902662,0.294711238104827,0.0854310242065418
plasmenyl-PE (40:6) [M-H]-,0.20985982969711,0.0467588788143999,0.190563519496422,0.0184282905681164
plasmenyl-PE (40:7) [M-H]-,0.19906501439059,0.0613288257077143,0.196110077332685,0.0275088956228642
CSH_negESI #513,0.313338630054639,0.0334754631263798,0.32139566941266,0.065231327565473
CSH_negESI #514,0.295005636451247,0.0301668816506461,0.312111661484729,0.0831340404867647
CSH_negESI #515,0.319953800828913,0.0400692137795113,0.346612934800898,0.0744827223141608
SM (d32:0) [M+HCOO]-,0.309757494952194,0.165351204059807,0.257900749203283,0.0209692089218478
SM (d32:1) [M+HCOO]-,0.218527510416077,0.0308404142101559,0.226735203369617,0.0286037962580855
SM (d32:2) [M+HCOO]-,0.234953517211654,0.0687406232908576,0.148087884231142,0.0596471751234626
SM (d33:1) [M+HCOO]-,0.225949123090105,0.0468616472447118,0.229573899344116,0.0469081681253955
SM (d34:0) [M+HCOO]-,0.255678588238409,0.0394410805421581,0.255167553737073,0.0571425902895018
SM (d34:1) [M+HCOO]-,0.267694650360953,0.0208740959879193,0.221769527984795,0.0798636191366924
SM (d34:2) [M+HCOO]-,0.239131962298078,0.0339566637834557,0.215048249171989,0.0409168805577368
SM (d36:0) [M+HCOO]-,0.39315008210187,0.046336357791417,0.365975030120731,0.089942553739894
SM (d36:1) [M+HCOO]-,0.250069258882418,0.0217650524389072,0.160961844080155,0.0844526848230668
SM (d36:2) [M+HCOO]-,0.293129443409343,0.0370913606785141,0.315270889797136,0.0542792025947795
SM (d38:1) [M+HCOO]-,0.237600759123626,0.0364043375320867,0.238346336004063,0.0693042504933588
SM (d38:2) [M+HCOO]-,0.241888779776126,0.0405532251626396,0.20677353687145,0.0101074278316582
SM (d40:0) [M+HCOO]-,0.332793652060311,0.194263035589428,0.330791679149287,0.200537130313437
SM (d40:1) [M+HCOO]-,0.239675212895806,0.026982613570359,0.242519796801339,0.0692012963808612
SM (d40:2) [M-HCOO]-,0.245809965272233,0.0322227475752675,0.199572184583613,0.0563175837276545
SM (d40:3) [M+HCOO]-,0.382280299169301,0.139178354852572,0.267984929544081,0.16361016561449
SM (d41:1) [M+HCOO]-,0.233557481693131,0.0360904168971859,0.184353454712485,0.0561644039438083
SM (d41:2) [M+HCOO]-,0.24041218141057,0.0464073866699098,0.249843986836639,0.0517666053028726
SM (d42:1) [M+HCOO]-,0.234178735103168,0.02718245926009,0.194447988350897,0.0794581232057232
SM (d42:2) A [M+HCOO]-,0.250113421556506,0.0220575644934135,0.24577370528879,0.0654759140320346
SM (d42:2) B [M+HCOO]-,0.251111584951657,0.0222884428994906,0.245946250284731,0.0113161290572065
SM (d42:3) [M+HCOO]-,0.248715884559723,0.0267615708341753,0.250722506836961,0.0481416570200658
SM (d43:2) [M+HCOO]-,0.328291672389161,0.0901744411973217,0.298976114036347,0.0309447950907948
CSH_negESI #014,0.386154976962533,0.0514308435585879,0.413459014111303,0.0301160663507953
CSH_negESI #017,0.3958317083303,0.0487414232700328,0.426693921771329,0.0169893900783364
CSH_negESI #021,0.364571214771113,0.0486649728264566,0.386511042439913,0.00412626839478848
CSH_negESI #024,0.90081486455944,0.0614666437596785,0.906666627287916,0.0542083368563656
CSH_negESI #046,0.351348289009659,0.0425353585927307,0.383640852270368,0.0613294740912322
CSH_negESI #056,0.370373555530692,0.0544295278557112,0.370901594431113,0.0690314269919569
CSH_negESI #071,0.183809492757041,0.0583545783418725,0.229855559248576,0.076004666608381
CSH_negESI #074,0.241758935521183,0.0823515984781613,0.209669072282841,0.0797094882516061
CSH_negESI #078,0.486211642809905,0.0304834204620881,0.46925879645335,0.00448871819813587
CSH_negESI #079,0.764339553908435,0.0321531022899588,0.816991557795958,0.0365715573111461
CSH_negESI #091,0.231550783042971,0.040383030150763,0.19350516094821,0.0731992750135405
CSH_negESI #108,0.575742084552573,0.0442189893043328,0.592411804035041,0.0436021651251814
CSH_negESI #109,0.256338157079696,0.0682189674079908,0.593049430168988,0.0240983614651497
CSH_negESI #113,0.333475913661102,0.03707681532102,0.553119086453587,0.0103392894008476
CSH_negESI #120,0.279931182764017,0.0664565644971502,0.268813935609357,0.0213700126616644
CSH_negESI #120,0.3207362492946,0.0538406360183956,0.352279186954862,0.0623035049736663
CSH_negESI #123,0.254030434509001,0.0886695014060153,0.233003495764551,0.0637290263249843
CSH_negESI #124,0.401258436851704,0.0459489487200839,0.398617805162328,0.012663672239927
CSH_negESI #130,0.226230968120213,0.061888325757556,0.2183259802612,0.0618412265107861
CSH_negESI #131,0.390511025112496,0.272193277566308,0.666378860487529,0.54447611377808
CSH_negESI #132,0.503407309231853,0.151267652631939,0.502354243511071,0.322733760706638
CSH_negESI #133,0.179263158388861,0.045543137797464,0.314239760604306,0.132808849293871
CSH_negESI #134,0.455181078935837,0.0347623760050561,0.467067937341243,0.157867824739873
CSH_negESI #135,0.220856145031569,0.0574039592327336,0.22352897892665,0.0549006835640142
CSH_negESI #136,0.145304810776474,0.0457770033878603,0.300385490315233,0.18108611795599
CSH_negESI #137,0.21329033379858,0.0806719332914798,0.179539108232336,0.0358788105625773
CSH_negESI #138,0.269877334326796,0.0841595665329431,0.238074437927946,0.101856835775743
CSH_negESI #139,0.399625721166399,0.0845594460155434,0.507251395005562,0.140832111953462
CSH_negESI #140,0.256979789228977,0.0456278168048092,0.213128824327837,0.0140944920976037
CSH_negESI #144,0.508196643494866,0.0425466634045471,0.492823043820835,0.0230631258372818
CSH_negESI #146,0.410855598895303,0.0563228627652459,0.453933471430143,0.0212646009315001
CSH_negESI #191,0.896971014427806,0.184561201720376,0.373553879092131,0.106081641020485
CSH_negESI #192,0.291970777124728,0.122953585497974,0.321621167592532,0.110848276124401
CSH_negESI #199,0.282437243798692,0.0716844500868002,0.18670163872374,0.0390066112226619
CSH_negESI #200,0.628441264873794,0.0622592797673286,0.662235098676145,0.0503981910770406
CSH_negESI #202,0.316452127825785,0.0824463622355002,0.348640630261187,0.110080609343632
CSH_negESI #203,0.280181894581477,0.0939075342822149,0.296160970413614,0.055322593241648
CSH_negESI #206,0.386695919145843,0.0511892876613961,0.41037719421374,0.061704935573941
CSH_negESI #206,0.414781331321033,0.0399289748691618,0.426742195494942,0.0373945469258432
CSH_negESI #220,0.272780610115876,0.0344976790871312,0.297754114296816,0.0580556556360014
CSH_negESI #221,0.349572192576395,0.0692163143269625,0.364790047216755,0.0359290539184687
CSH_negESI #223,0.496646639532046,0.201774328683879,0.4660174566736,0.111064294359936
CSH_negESI #223,0.637191436990867,0.173356151348513,0.496402880896026,0.0692933268550692
CSH_negESI #238,0.429860474385366,0.041099917590052,0.475721800191743,0.0305770233762264
CSH_negESI #251,0.41554624026331,0.0672016648771799,0.456251733064275,0.056608383942923
CSH_negESI #251,0.432437423702127,0.0693072132529552,0.487655384770751,0.0851078922451817
CSH_negESI #252,0.863354708872275,0.187801845024095,0.465809004080116,0.0487450921838086
CSH_negESI #253,0.83556352394877,0.184754534125212,0.430599196444928,0.0404024133485989
CSH_negESI #257,0.391238141960331,0.0590337078041076,0.403068878502224,0.0504761005218187
CSH_negESI #259,0.369947211537743,0.0818402396888322,0.370688770765972,0.0533182638135324
CSH_negESI #261,0.232625815774461,0.0707512429059585,0.264567976717233,0.0601893622899986
CSH_negESI #264,0.574139245235204,0.0923170238304926,0.647718486154782,0.0404509654725185
CSH_negESI #264,0.587372786017696,0.072799343229766,0.624215538188606,0.0892127921026863
CSH_negESI #275,0.223259176156281,0.0766378208307999,0.186661133770694,0.114564308204661
CSH_negESI #275,0.295421248976687,0.151293001654684,0.270263103190391,0.0968466569448514
CSH_negESI #278,0.205262182722308,0.0884400609375609,0.131385928530063,0.0298626017670669
CSH_negESI #290,0.916420697249383,0.194704416101318,0.652241160309779,0.0357012600693621
CSH_negESI #293,0.446279049668434,0.0654358626968841,0.4704280380947,0.0112929082996509
CSH_negESI #293,0.560677438800634,0.0463661938062872,0.593061255774741,0.0479642060067665
CSH_negESI #298,0.200905693208555,0.0745791423443882,0.228767378292052,0.122531817273158
CSH_negESI #298,0.252557569796295,0.0753958092890281,0.291403498410705,0.113752611844666
CSH_negESI #308,0.55234997788045,0.0300943321442149,0.558192171549085,0.0283565789582172
CSH_negESI #309,0.792849314029551,0.0274723727650319,0.844972373919703,0.0296983320991128
CSH_negESI #310,0.934332877307023,0.0360948008740282,0.997371155562365,0.0433190198526476
CSH_negESI #340,0.308868364899976,0.0941538614773201,0.329354775293916,0.0726272040729238
CSH_negESI #344,0.279172271020617,0.0716457929550213,0.251162143424311,0.08485845713426
CSH_negESI #345,0.274638202103707,0.0652978601374115,0.30935420045314,0.0720990262806901
CSH_negESI #347,0.28266788902506,0.0862578504092722,0.234708779542903,0.0185836227367571
CSH_negESI #365,0.276642774870067,0.0969210264584641,0.281400076827823,0.0432954860273031
CSH_negESI #366,0.290466523126478,0.0976584676014875,0.337382649507945,0.0585722387240751
CSH_negESI #374,0.68684803982546,0.0587008109871487,0.696410535476134,0.0811404426760552
CSH_negESI #375,0.349906523689969,0.0406891810476746,0.320926134748094,0.0282367670616198
CSH_negESI #376,0.627856929424835,0.0572855269114383,0.713555069442916,0.138418019930111
CSH_negESI #377,0.474814211753329,0.106806422759561,0.470049997792359,0.084440936673589
CSH_negESI #378,0.369901851292883,0.0582653886159195,0.502862693938777,0.050351066841828
CSH_negESI #379,0.280736766256105,0.0846014962607924,0.209252067010971,0.0460723337920679
CSH_negESI #380,0.258612629731073,0.0818888500319373,0.290293071856882,0.0328323535838668
CSH_negESI #381,0.403847731870514,0.204115259053743,0.198219738197174,0.0139638772062935
CSH_negESI #382,0.194638508976314,0.0879051029336898,0.160208225203876,0.0571596397575785
CSH_negESI #384,0.226484020551246,0.0534942810219937,0.312481688451283,0.0300640970065128
CSH_negESI #385,0.238760822038558,0.0747957042662615,0.21142858108142,0.0145298379419995
CSH_negESI #386,0.333161411893759,0.0394621698016753,0.370786264036457,0.0415737759333939
CSH_negESI #386,0.290443931381903,0.12720810997698,0.285853893605683,0.0820492226393073
CSH_negESI #387,0.301242178404247,0.0806460835086045,0.324173655771545,0.0411187975036101
CSH_negESI #388,0.465252238824832,0.0463660033233312,0.482794088597169,0.0302289231587164
CSH_negESI #389,0.391100251505666,0.194417487897338,0.398692100251355,0.0970295694367157
CSH_negESI #390,0.271843459000756,0.0743312865840795,0.332480593751239,0.0404372417620645
CSH_negESI #391,0.949284166182087,0.0557584710451508,0.912424406984074,0.0490811340578249
CSH_negESI #392,0.556099343266387,0.205827021496502,0.746589726867261,0.124480507431088
CSH_negESI #393,0.637417236217569,0.085152726045291,0.574672462636418,0.344273014079988
CSH_negESI #394,0.275237719525737,0.0872532956857092,0.319188846950675,0.0775301253897298
CSH_negESI #395,0.565056247644962,0.0540506928058736,0.613004866543761,0.353420614999453
CSH_negESI #396,0.248593891529327,0.0696950394938045,0.233842043626512,0.0476265829216952
CSH_negESI #397,0.227789580717699,0.0723636557931583,0.277074293951546,0.0891457654664079
CSH_negESI #400,0.266493215689865,0.110324533605572,0.283164280622082,0.065104838749938
CSH_negESI #401,0.798976758511859,0.0559673945588241,0.958674466788428,0.11985889228636
CSH_negESI #500,0.226963168776534,0.0648849225720331,0.118918153055854,0.0284835093725128
CSH_negESI #501,0.286445247944277,0.0280148675193488,0.326856837361193,0.0369373995772171
CSH_negESI #502,0.270409748327045,0.0442746735202373,0.295542103069974,0.0897658533038036
CSH_negESI #503,0.364605863279026,0.0411178556653165,0.390099044187613,0.045825774158227
CSH_negESI #504,0.412234091604291,0.10013871521782,0.508915157528719,0.0966507059461696
CSH_negESI #505,0.413051730308732,0.0313017185903136,0.49361558433069,0.0712767332625246
CSH_negESI #506,0.331643762434593,0.0271352204593709,0.37787545899299,0.0501753217246309
CSH_negESI #507,0.38403719239047,0.033525938534018,0.433980525096365,0.0530239632181335
CSH_negESI #508,0.365154531201027,0.0702030752604278,0.4255979225185,0.035175558289705
CSH_negESI #509,0.294890849470445,0.0576704415335418,0.331361322563728,0.148693998636169
CSH_negESI #510,0.3572059740174,0.0571578395406463,0.368724344451277,0.0842808588385768
CSH_negESI #511,0.294688614742011,0.0440539738786928,0.278789167092062,0.0467513694140954
CSH_negESI #512,0.511633151853262,0.03719861820558,0.516371558068816,0.0142724877742905
